Landslide,Year,Aspect,Curvature,Earthquake,Elevation,Flow,Lithology,NDVI,NDWI,Plan,Precipitation,Profile,Slope
0,2018,3,3,2,2,2,1,4,2,2,3,3,2
0,2018,1,5,2,3,1,1,4,2,5,5,2,2
0,2018,3,4,3,2,2,4,3,2,4,5,2,2
0,2018,1,3,3,3,5,1,2,4,3,5,3,3
0,2018,5,4,2,1,4,1,2,4,3,3,1,4
0,2018,5,5,2,2,3,1,2,4,5,3,2,2
0,2018,1,3,2,2,4,1,3,4,3,5,3,2
0,2018,3,5,3,4,2,2,3,3,5,5,2,4
0,2018,3,2,3,3,2,6,4,2,2,5,4,4
0,2018,1,4,3,2,4,1,2,4,4,5,2,4
0,2018,3,3,3,2,2,1,2,3,3,5,3,1
0,2018,5,5,1,2,3,1,2,4,5,2,2,4
0,2018,3,2,3,3,2,3,4,2,3,4,4,1
0,2018,4,3,2,1,2,1,4,2,4,4,4,2
0,2018,5,2,1,1,3,3,1,5,3,2,4,1
0,2018,4,3,3,3,3,1,2,4,3,5,3,2
0,2018,5,4,2,2,3,3,3,3,4,2,2,1
0,2018,5,3,2,1,3,1,2,4,3,4,3,3
0,2018,5,1,2,3,3,1,1,5,1,3,5,4
0,2018,4,3,1,3,3,1,2,4,3,2,3,3
0,2018,1,2,1,5,5,3,1,4,2,1,4,4
0,2018,1,4,3,2,3,1,2,4,5,5,2,3
0,2018,1,4,2,3,3,4,3,4,4,4,3,3
0,2018,1,4,1,1,5,1,4,2,4,1,3,2
0,2018,2,3,2,3,1,1,5,1,3,3,4,2
0,2018,2,3,2,4,1,1,4,2,4,2,3,2
0,2018,4,3,3,4,2,3,2,5,3,4,3,3
0,2018,5,4,2,3,5,1,3,4,4,5,3,1
0,2018,3,4,2,3,2,1,5,1,4,4,4,1
0,2018,4,4,1,4,2,4,5,1,4,2,2,3
0,2018,1,4,3,4,4,3,1,5,3,5,2,5
0,2018,4,4,3,4,3,3,2,4,4,5,3,3
0,2018,5,2,2,2,4,1,2,4,2,5,3,2
0,2018,4,2,2,3,3,4,4,2,2,3,4,4
0,2018,4,3,2,5,2,3,2,4,4,4,3,4
0,2018,3,3,1,2,2,1,3,3,3,1,3,2
0,2018,1,2,3,1,4,1,1,5,3,5,5,3
0,2018,2,5,3,5,1,6,1,4,4,5,1,3
0,2018,2,1,3,4,1,3,3,3,1,5,4,3
0,2018,5,3,2,2,4,1,1,5,4,5,3,2
0,2018,2,3,2,3,1,1,3,2,3,3,4,2
0,2018,2,1,3,4,2,3,3,3,1,5,5,2
0,2018,1,2,2,2,5,1,1,5,2,3,4,1
0,2018,1,5,3,4,5,6,2,4,5,5,2,3
0,2018,5,2,3,4,3,6,2,4,2,5,4,3
0,2018,2,3,2,2,1,1,3,2,3,3,4,2
0,2018,2,2,3,4,1,1,4,2,2,5,3,3
0,2018,3,3,1,5,2,1,1,5,3,1,4,3
0,2018,3,3,1,4,2,1,3,2,4,1,4,3
0,2018,2,3,1,1,2,3,3,3,3,2,3,1
0,2018,3,2,1,4,2,6,4,2,2,1,4,3
0,2018,3,3,3,2,2,1,3,3,3,5,3,4
0,2018,3,3,3,1,2,1,2,4,3,5,3,1
0,2018,2,4,2,2,2,1,4,1,4,5,3,1
0,2018,2,4,1,5,1,5,3,3,5,2,3,3
0,2018,3,2,1,2,2,4,4,2,3,2,5,3
0,2018,4,2,1,4,2,4,5,2,2,1,3,4
0,2018,4,3,2,3,3,1,4,2,3,5,3,3
0,2018,3,5,3,3,2,1,3,3,4,5,1,5
0,2018,2,3,2,3,5,1,4,2,3,4,3,2
0,2018,3,2,3,5,2,3,1,4,2,5,4,4
0,2018,2,4,2,2,1,1,2,4,4,5,3,1
0,2018,3,3,1,2,2,1,5,1,3,1,3,4
0,2018,3,3,1,3,2,6,4,1,3,1,3,4
0,2018,2,4,3,2,1,4,3,3,4,5,3,3
0,2018,1,3,2,2,4,1,4,3,3,5,3,3
0,2018,3,2,2,1,2,1,4,1,2,4,4,3
0,2018,1,4,2,1,5,1,2,4,3,3,3,4
0,2018,2,3,1,1,1,1,5,1,3,1,4,4
0,2018,2,4,1,1,1,3,5,1,3,2,2,1
0,2018,2,3,2,3,1,1,5,2,3,3,3,3
0,2018,2,3,2,2,2,1,4,1,3,3,3,4
0,2018,3,3,2,3,2,1,5,1,3,3,4,4
0,2018,5,4,1,1,3,1,1,5,4,2,2,4
0,2018,5,4,2,4,4,1,2,4,4,5,2,2
0,2018,3,2,3,2,2,1,2,4,2,5,4,3
0,2018,4,1,2,2,3,1,3,3,1,5,4,4
0,2018,3,2,2,3,2,1,3,3,2,3,4,2
0,2018,5,4,2,1,3,1,4,2,5,4,3,1
0,2018,2,4,2,4,1,1,1,4,4,3,2,2
0,2018,5,2,3,2,3,1,2,4,2,5,4,4
0,2018,4,3,3,1,3,1,2,4,3,5,4,2
0,2018,5,3,3,1,4,1,2,4,3,5,3,1
0,2018,1,4,1,4,5,1,4,2,5,1,3,3
0,2018,5,3,3,4,3,6,1,5,3,5,4,4
0,2018,2,4,3,3,1,6,2,4,5,5,4,2
0,2018,2,3,2,4,1,3,4,2,2,5,3,4
0,2018,1,2,1,4,5,1,1,5,3,1,5,3
0,2018,1,3,2,1,4,1,4,2,3,3,3,1
0,2018,1,3,3,4,5,6,2,4,3,5,3,2
0,2018,2,4,1,4,1,3,5,1,4,2,2,4
0,2018,5,3,2,1,3,1,1,5,3,3,3,1
0,2018,5,5,2,3,3,1,1,5,4,4,1,2
0,2018,3,3,2,4,2,1,5,1,4,4,4,2
0,2018,3,3,2,4,2,1,4,2,2,4,3,3
0,2018,2,4,2,1,2,1,5,1,5,5,4,1
0,2018,5,5,1,4,4,1,1,5,5,2,2,4
0,2018,1,3,2,1,5,1,3,3,3,5,3,3
0,2018,2,2,3,2,1,4,2,4,2,5,4,2
0,2018,2,2,2,4,5,1,1,4,3,3,4,4
0,2018,5,5,1,2,3,1,3,3,5,1,1,4
0,2018,2,5,3,3,1,6,4,2,5,5,2,2
0,2018,3,4,1,4,2,1,4,2,5,2,3,2
0,2018,2,4,1,5,1,5,1,4,4,2,3,1
0,2018,3,3,1,2,2,1,4,1,4,1,3,1
0,2018,3,3,1,3,1,1,5,1,3,1,3,4
0,2018,2,4,1,1,1,6,4,2,4,1,2,3
0,2018,5,5,2,4,4,4,3,4,5,4,2,4
0,2018,4,3,1,1,2,3,5,1,3,2,3,3
0,2018,2,1,3,2,1,4,2,4,1,5,4,1
0,2018,5,2,2,1,3,1,3,3,2,3,4,2
0,2018,3,4,1,4,2,1,1,4,4,1,2,2
0,2018,1,4,2,2,4,1,5,1,4,4,2,2
0,2018,1,1,2,2,5,1,3,4,1,4,5,4
0,2018,4,2,2,3,3,1,1,5,1,5,3,3
0,2018,2,3,3,4,1,6,4,2,3,5,4,4
0,2018,1,4,2,3,5,1,1,5,3,4,2,3
0,2018,2,4,1,5,1,1,1,4,3,1,1,1
0,2018,3,3,1,1,2,1,4,2,3,2,3,3
0,2018,3,3,1,1,2,1,4,1,4,1,3,4
0,2018,3,3,2,1,2,1,5,1,3,3,3,1
0,2018,2,2,1,1,1,1,3,2,3,1,4,1
0,2018,1,2,2,1,5,1,4,2,3,2,4,3
0,2018,1,3,2,2,4,1,3,3,3,5,3,1
0,2018,3,3,3,5,2,3,3,3,2,5,2,4
0,2018,3,4,3,4,2,4,2,4,4,5,3,3
0,2018,3,3,2,2,2,5,4,2,3,4,3,1
0,2018,1,2,1,1,1,3,4,3,2,1,4,1
0,2018,2,4,2,2,1,1,4,2,5,4,3,4
0,2018,1,3,2,3,4,1,1,5,4,3,4,3
0,2018,1,2,2,2,4,1,4,2,2,5,3,2
0,2018,4,4,1,2,3,1,4,2,5,1,3,3
0,2018,5,4,2,1,3,1,2,5,4,4,3,3
0,2018,5,4,1,4,4,1,1,5,4,2,2,2
0,2018,5,2,3,3,3,3,1,5,3,5,5,5
0,2018,1,4,3,2,4,1,2,4,5,5,2,2
0,2018,4,3,2,4,2,1,4,2,3,2,3,3
0,2018,2,4,1,1,1,1,5,1,4,1,3,3
0,2018,5,2,2,2,3,1,2,4,2,3,4,3
0,2018,4,5,1,1,2,1,5,1,5,2,2,2
0,2018,1,4,1,5,5,5,1,4,3,2,2,1
0,2018,4,3,2,2,2,1,3,3,3,5,3,2
0,2018,5,2,2,1,3,1,1,5,2,3,3,3
0,2018,4,4,2,4,2,1,4,2,4,5,2,2
0,2018,4,3,2,5,3,3,1,5,2,2,2,2
0,2018,4,3,1,2,3,1,1,5,3,2,3,2
0,2018,3,3,2,1,2,1,5,1,3,4,3,2
0,2018,4,3,1,1,2,1,4,1,3,2,3,4
0,2018,4,3,1,3,3,1,3,3,4,1,4,3
0,2018,4,3,3,3,3,3,2,4,3,5,3,1
0,2018,5,2,2,2,4,4,1,5,3,4,4,3
0,2018,1,3,2,4,4,3,1,5,3,4,4,4
0,2018,1,4,2,5,5,1,2,5,4,3,3,2
0,2018,4,2,1,1,2,1,4,2,2,2,4,1
0,2018,3,2,1,1,2,3,3,3,1,1,4,2
0,2018,3,4,2,1,2,5,5,1,4,4,3,2
0,2018,3,3,2,2,2,1,4,2,3,5,3,3
0,2018,4,2,2,1,3,1,4,2,2,3,4,2
0,2018,2,3,3,5,1,6,1,4,2,5,3,3
0,2018,4,5,2,1,2,1,5,1,4,3,1,4
0,2018,4,4,2,4,2,1,5,2,4,5,2,2
0,2018,1,5,3,5,4,3,3,3,5,5,3,2
0,2018,1,4,2,2,3,1,3,3,4,4,3,2
0,2018,2,3,1,1,1,1,4,2,3,1,3,2
0,2018,3,2,1,2,2,1,4,1,2,1,4,4
0,2018,5,2,2,2,3,1,2,4,2,5,4,2
0,2018,1,2,3,4,4,2,1,5,2,5,4,4
0,2018,2,3,3,2,1,1,2,3,4,5,3,2
0,2018,2,3,2,3,2,3,1,5,4,4,4,2
0,2018,1,1,1,1,5,1,1,5,1,1,5,3
0,2018,5,2,2,3,4,1,1,5,2,4,4,5
0,2018,4,3,2,2,3,1,2,4,2,5,3,4
0,2018,5,3,3,1,5,1,2,4,3,5,4,1
0,2018,3,2,2,1,2,1,4,2,2,3,4,1
0,2018,5,4,2,2,4,1,1,5,4,3,3,5
0,2018,5,4,3,4,3,1,2,4,4,5,2,2
0,2018,3,2,2,1,1,5,5,1,2,4,4,2
0,2018,1,3,1,3,5,1,1,5,2,2,2,3
0,2018,1,3,2,4,4,1,1,5,3,4,3,3
0,2018,5,2,2,1,3,1,2,4,2,5,3,3
0,2018,3,3,2,3,1,5,5,1,3,5,3,2
0,2018,4,4,2,2,2,1,5,1,3,5,2,3
0,2018,2,2,3,2,1,1,3,3,2,5,3,3
0,2018,1,2,3,3,5,1,2,4,3,5,4,3
0,2018,5,2,3,4,4,6,1,5,3,5,4,3
0,2018,3,3,1,2,2,3,4,1,3,1,3,2
0,2018,3,3,1,1,2,3,1,5,3,2,4,1
0,2018,3,4,1,1,2,3,3,3,4,1,3,1
0,2018,1,4,2,2,5,1,4,2,4,3,2,2
0,2018,2,3,1,5,2,6,3,2,4,2,4,4
0,2018,1,4,2,3,4,1,3,4,4,5,3,3
0,2018,1,3,3,2,4,1,2,4,2,5,3,4
0,2018,3,3,3,4,1,3,4,2,3,5,4,4
0,2018,5,3,2,2,4,5,2,4,3,4,3,3
0,2018,3,3,2,2,2,1,2,4,3,5,4,2
0,2018,3,3,2,4,1,1,5,1,3,3,4,3
0,2018,4,3,1,5,2,4,2,4,2,1,3,4
0,2018,3,4,1,3,2,1,3,2,4,1,3,4
0,2018,3,2,3,4,2,3,4,1,2,5,3,4
0,2018,2,4,2,3,1,1,5,1,3,3,2,3
0,2018,2,4,1,2,1,1,4,1,4,2,3,5
0,2018,5,2,2,3,5,4,1,5,3,4,5,2
0,2018,4,2,2,1,2,1,4,2,2,4,3,3
0,2018,2,4,1,3,1,6,5,1,3,1,2,3
0,2019,4,3,1,1,2,1,3,2,4,2,3,3
0,2019,4,3,3,4,2,6,2,4,3,5,4,3
0,2019,4,2,3,3,2,2,3,3,3,5,4,5
0,2019,3,3,2,3,1,1,4,1,3,3,3,4
0,2019,3,4,2,2,2,1,3,4,3,5,1,2
0,2019,3,3,2,3,1,1,4,1,3,4,2,1
0,2019,3,4,2,2,2,3,4,1,4,4,2,5
0,2019,1,4,1,5,5,1,1,5,4,1,2,1
0,2019,1,1,1,5,5,1,1,5,1,1,5,3
0,2019,4,4,3,2,2,4,3,3,5,5,4,3
0,2019,2,5,3,4,3,4,3,3,5,5,1,3
0,2019,5,2,2,4,4,3,1,5,3,4,4,5
0,2019,4,2,2,2,2,1,5,1,1,3,4,3
0,2019,1,3,1,1,4,3,3,3,4,1,4,3
0,2019,2,4,1,4,1,6,4,2,5,1,3,4
0,2019,5,3,2,4,3,3,1,5,3,4,3,4
0,2019,5,3,2,1,4,1,2,4,3,3,3,2
0,2019,5,2,2,2,3,1,4,3,2,3,3,1
0,2019,2,4,2,3,2,3,4,2,4,4,2,3
0,2019,4,4,2,3,3,1,2,4,5,5,4,1
0,2019,5,3,2,2,3,1,2,4,3,5,3,4
0,2019,3,3,3,3,1,1,3,3,3,5,2,3
0,2019,1,4,3,5,5,6,1,5,4,5,3,2
0,2019,4,4,3,4,2,1,3,4,4,5,2,4
0,2019,1,5,1,1,4,3,5,1,5,1,3,1
0,2019,3,4,1,3,2,1,4,2,4,1,2,5
0,2019,1,3,1,1,5,3,5,1,3,2,4,3
0,2019,4,4,3,3,3,3,3,3,4,4,3,2
0,2019,1,3,1,2,4,3,2,4,4,1,4,4
0,2019,4,3,2,2,2,1,3,3,3,3,3,2
0,2019,3,4,3,2,2,2,2,3,4,5,3,5
0,2019,1,3,2,1,4,3,2,4,3,2,3,4
0,2019,3,3,2,2,2,5,5,1,3,4,3,3
0,2019,4,3,1,5,2,6,1,5,3,2,4,4
0,2019,1,1,2,3,5,1,1,5,2,4,5,4
0,2019,5,5,2,3,3,1,4,2,5,2,2,4
0,2019,3,5,1,5,2,6,1,4,4,2,1,4
0,2019,1,4,3,2,5,2,2,4,3,5,1,3
0,2019,2,3,2,2,1,4,5,1,2,3,3,4
0,2019,5,5,2,4,4,1,1,5,4,4,1,4
0,2019,2,3,1,2,1,1,4,2,2,2,3,3
0,2019,2,2,2,4,1,1,4,2,2,4,4,2
0,2019,5,4,2,1,3,1,3,4,3,3,3,1
0,2019,2,4,2,5,1,3,1,5,4,4,2,2
0,2019,2,4,1,1,1,3,4,1,3,2,2,4
0,2019,1,3,1,1,1,3,2,4,3,2,4,1
0,2019,5,1,1,2,3,6,1,5,1,2,4,3
0,2019,2,5,2,3,5,1,4,2,5,4,2,3
0,2019,3,4,2,2,2,1,5,1,4,3,3,1
0,2019,1,2,2,4,5,1,2,4,2,4,4,3
0,2019,3,2,3,2,1,1,4,1,3,5,4,4
0,2019,3,4,2,2,2,1,5,1,3,3,2,2
0,2019,3,3,3,4,2,4,2,3,3,5,3,4
0,2019,3,4,2,3,2,1,5,1,4,3,2,4
0,2019,5,1,2,5,5,1,1,5,2,3,5,3
0,2019,4,2,2,1,2,1,3,3,2,3,4,2
0,2019,2,5,1,5,1,1,1,5,3,1,1,2
0,2019,4,3,1,4,2,4,1,5,3,2,3,4
0,2019,5,2,2,2,3,1,1,5,3,4,4,3
0,2019,1,4,2,3,4,1,3,3,4,3,2,3
0,2019,3,4,1,3,2,1,4,2,3,1,2,3
0,2019,3,4,2,4,2,1,5,1,5,3,3,3
0,2019,3,2,1,4,2,1,5,1,2,2,4,4
0,2019,5,5,1,2,3,1,3,3,4,2,1,2
0,2019,1,3,1,1,1,3,4,3,4,2,3,2
0,2019,4,3,3,2,3,1,2,4,3,5,3,1
0,2019,5,3,2,4,3,1,1,5,3,4,2,3
0,2019,3,3,2,2,1,1,5,1,2,4,3,1
0,2019,3,3,1,1,2,1,2,4,3,2,3,1
0,2019,3,4,3,5,2,3,1,4,4,5,3,3
0,2019,3,4,2,3,1,1,5,1,3,3,2,2
0,2019,5,2,3,5,3,6,1,4,2,5,3,3
0,2019,4,3,2,1,2,3,4,2,3,3,3,1
0,2019,2,5,1,4,1,1,5,1,4,1,2,3
0,2019,3,2,3,3,3,3,3,3,3,5,4,1
0,2019,4,1,3,2,3,1,3,2,1,5,4,3
0,2019,2,1,1,1,1,1,4,2,1,2,5,3
0,2019,1,4,2,1,4,1,4,2,4,5,2,1
0,2019,5,3,2,1,4,1,3,3,3,3,3,3
0,2019,5,3,2,2,3,1,1,5,3,5,4,4
0,2019,3,1,2,2,2,1,2,4,1,5,4,2
0,2019,5,3,2,2,3,1,2,5,3,5,3,2
0,2019,3,3,2,2,2,5,4,1,3,4,3,1
0,2019,2,3,3,2,1,1,3,2,3,5,4,3
0,2019,5,3,1,5,3,4,1,5,3,2,3,4
0,2019,4,4,2,3,3,1,3,3,4,4,2,4
0,2019,4,4,3,4,3,6,3,4,3,5,1,1
0,2019,3,1,3,5,1,3,1,4,1,4,4,2
0,2019,2,2,1,4,1,6,4,2,3,1,4,4
0,2019,3,3,1,4,1,1,4,2,3,1,4,3
0,2019,4,2,2,2,3,5,4,2,2,4,4,2
0,2019,3,3,2,4,2,3,4,1,3,4,4,4
0,2019,4,4,1,1,3,3,4,3,4,1,3,2
0,2019,5,3,1,1,3,3,3,4,3,1,4,2
0,2019,2,3,3,4,1,1,3,3,3,5,3,1
0,2019,3,3,3,2,1,1,3,2,3,5,4,3
0,2019,3,4,3,3,2,3,3,2,4,4,3,3
0,2019,5,4,3,4,4,6,1,5,4,5,3,3
0,2019,1,1,2,2,5,4,1,5,1,3,4,1
0,2019,1,2,3,4,5,4,2,5,2,5,4,2
0,2019,1,4,3,1,5,1,2,4,4,5,3,1
0,2019,5,4,1,5,4,5,1,5,3,2,2,2
0,2019,4,3,2,1,2,1,4,2,3,4,3,1
0,2019,3,3,2,1,2,4,5,2,4,3,4,1
0,2019,2,3,3,2,5,1,2,4,4,5,3,2
0,2019,2,2,2,2,1,1,5,1,2,5,4,2
0,2019,3,3,2,2,2,1,4,2,3,4,4,1
0,2019,5,3,1,5,3,4,1,5,2,1,3,3
0,2019,3,4,3,3,2,1,4,2,4,5,3,4
0,2019,1,3,1,2,4,1,2,4,3,1,3,4
0,2019,4,3,2,1,3,4,3,4,4,3,4,4
0,2019,3,4,1,2,2,1,5,1,5,2,3,3
0,2019,1,3,2,3,5,1,1,5,2,3,3,4
0,2019,3,3,1,2,1,1,4,1,3,2,3,4
0,2019,1,4,2,4,1,1,3,3,4,4,2,2
0,2019,4,3,3,2,2,1,2,4,3,5,3,3
0,2019,5,3,3,2,4,1,2,4,3,5,3,3
0,2019,1,4,2,3,4,3,1,5,4,4,2,4
0,2019,1,2,1,1,4,1,2,4,3,2,5,2
0,2019,3,3,2,2,2,4,4,2,3,3,4,4
0,2019,3,3,3,4,2,2,5,1,4,5,4,5
0,2019,4,3,2,3,3,1,3,3,2,5,3,4
0,2019,5,4,3,4,3,2,3,3,4,5,2,2
0,2019,5,5,1,1,3,3,4,3,5,1,2,3
0,2019,3,3,3,2,2,1,3,3,3,5,3,4
0,2019,2,4,3,4,5,6,3,4,5,5,3,3
0,2019,1,3,3,4,4,2,1,5,3,5,4,3
0,2019,2,2,1,4,1,6,4,2,2,1,4,1
0,2019,2,2,2,1,1,4,4,2,2,4,3,4
0,2019,5,4,3,4,3,6,1,5,3,5,3,3
0,2019,4,3,2,2,2,5,4,2,3,4,3,3
0,2019,2,1,2,2,1,1,1,5,1,5,4,4
0,2019,4,4,2,1,3,3,3,3,4,2,3,2
0,2019,3,3,1,1,2,3,5,1,3,1,4,4
0,2019,4,4,2,3,3,1,3,3,4,3,2,3
0,2019,4,2,1,3,2,1,4,2,2,2,4,3
0,2019,3,2,2,2,2,1,4,2,3,5,5,3
0,2019,1,2,1,1,1,3,1,5,2,1,4,2
0,2019,4,4,3,4,2,3,2,4,4,5,3,2
0,2019,3,3,2,2,2,1,3,3,2,4,3,2
0,2019,1,5,2,2,4,1,4,3,5,5,2,2
0,2019,2,2,1,1,1,6,5,1,1,1,4,3
0,2019,2,2,2,4,1,1,4,2,2,2,3,2
0,2019,3,3,3,1,2,1,2,4,3,5,3,1
0,2019,3,3,2,4,2,1,5,1,3,5,3,4
0,2019,1,3,2,3,4,1,1,5,2,3,2,2
0,2019,1,3,3,3,1,4,2,3,3,5,4,2
0,2019,2,5,2,3,1,1,3,2,4,3,1,1
0,2019,4,3,3,3,2,3,2,4,3,5,3,2
0,2019,4,2,2,2,2,1,4,2,2,3,4,4
0,2019,1,2,2,1,4,1,3,3,2,5,5,2
0,2019,4,3,1,2,2,1,4,1,2,2,3,3
0,2019,4,5,2,2,3,1,4,2,5,3,1,2
0,2019,5,4,1,5,3,3,1,5,4,1,3,4
0,2019,4,5,1,4,3,4,4,2,5,2,2,4
0,2019,4,4,1,1,3,3,2,5,3,2,3,2
0,2019,5,4,2,2,4,1,2,5,3,4,2,3
0,2019,5,2,2,2,3,1,4,3,2,3,3,2
0,2019,2,3,1,3,1,1,5,1,2,1,3,4
0,2019,2,4,2,1,1,3,5,1,5,2,3,2
0,2019,4,3,3,2,3,1,2,4,3,5,3,4
0,2019,4,5,3,2,2,1,2,4,5,5,3,3
0,2019,3,2,2,2,2,1,4,2,2,5,4,2
0,2019,3,4,2,3,2,3,5,1,4,4,2,1
0,2019,4,4,1,2,3,1,4,2,4,2,3,4
0,2019,3,4,2,3,1,1,3,3,5,3,3,2
0,2019,5,4,2,2,3,1,1,5,4,3,3,3
0,2019,2,3,2,2,1,4,3,2,3,4,4,2
0,2019,3,4,2,3,2,1,4,1,4,3,2,5
0,2019,1,3,2,2,4,1,3,4,3,4,2,2
0,2019,3,3,1,1,2,1,5,1,3,1,4,3
0,2019,3,3,3,3,2,3,4,2,3,5,4,4
0,2019,1,5,1,2,4,1,3,2,5,1,2,3
0,2019,1,3,2,2,5,1,2,4,3,4,3,2
0,2019,5,4,3,4,4,3,1,5,4,5,2,4
0,2019,1,5,2,2,5,1,2,4,3,4,1,2
0,2019,4,5,2,3,2,1,5,1,5,3,1,2
0,2019,2,3,1,5,1,1,1,5,3,1,2,3
0,2019,2,3,3,3,1,1,2,4,4,5,3,3
0,2019,2,3,1,4,1,1,3,3,2,1,3,2
0,2019,1,2,2,1,5,1,3,3,3,5,4,1
0,2019,2,2,1,2,2,1,4,2,4,1,5,1
0,2019,2,2,3,5,1,6,3,2,2,5,4,5
0,2019,2,3,2,4,1,3,4,2,3,4,3,3
0,2019,1,4,2,1,4,4,2,4,4,3,3,3
0,2019,1,4,2,1,4,1,3,3,4,2,3,3
0,2019,1,3,3,2,5,1,2,4,2,5,2,1
0,2019,1,4,3,3,5,1,2,4,4,5,3,2
0,2019,1,3,2,2,5,5,4,2,3,4,3,2
0,2019,1,3,1,1,5,3,1,5,2,2,2,4
0,2019,4,4,2,2,2,1,4,2,4,4,3,1
0,2019,5,3,2,2,4,1,1,5,2,3,3,4
0,2019,5,4,2,1,4,1,2,4,4,3,3,3
0,2019,5,3,2,3,3,1,2,4,3,4,3,3
0,2019,2,3,3,2,1,4,2,3,2,5,3,3
0,2019,4,3,1,3,3,1,3,2,3,2,3,3
0,2019,1,5,2,2,5,1,4,2,5,5,1,4
0,2019,4,3,1,4,3,1,3,3,3,2,3,2
0,2019,3,2,1,2,2,1,4,1,3,1,4,2
0,2019,2,5,1,1,1,3,5,1,4,1,2,2
0,2019,4,5,1,5,2,1,2,3,5,1,1,2
0,2019,4,3,2,1,2,1,4,2,3,2,3,2
0,2019,5,1,1,1,3,1,1,5,2,2,4,3
0,2019,1,5,1,5,4,1,2,4,5,1,2,3
0,2019,5,2,3,4,4,3,1,5,2,5,3,4
0,2019,2,3,1,1,1,6,4,2,3,1,3,2
0,2019,1,2,1,3,4,4,2,5,3,2,4,4
0,2020,4,5,3,4,2,6,3,3,3,5,1,4
0,2020,5,4,3,4,3,6,1,5,4,5,2,3
0,2020,1,3,2,1,5,1,3,3,3,3,3,2
0,2020,1,4,2,4,4,1,1,5,4,3,2,5
0,2020,5,5,2,3,4,1,3,3,5,5,2,2
0,2020,2,3,3,2,1,4,3,3,2,5,3,2
0,2020,2,2,2,1,1,1,4,2,2,4,4,1
0,2020,3,4,3,3,2,1,3,2,4,5,3,4
0,2020,2,3,2,3,1,1,5,1,3,3,3,4
0,2020,5,4,1,5,3,1,1,5,3,1,2,2
0,2020,2,3,1,4,1,1,3,3,4,1,3,3
0,2020,3,4,2,4,2,1,4,2,4,4,2,3
0,2020,5,4,2,5,3,6,1,5,4,2,3,5
0,2020,4,4,1,4,2,1,4,2,5,1,2,4
0,2020,4,2,1,3,3,6,1,5,1,1,3,3
0,2020,5,5,3,3,4,4,2,4,5,5,2,3
0,2020,2,3,3,4,1,4,2,4,3,5,3,2
0,2020,1,4,2,3,5,1,2,4,4,3,2,3
0,2020,3,3,1,4,2,1,3,3,4,1,3,4
0,2020,2,2,2,2,1,4,4,2,2,3,4,4
0,2020,2,3,2,1,1,1,5,2,3,3,3,2
0,2020,3,3,1,4,2,6,4,1,3,1,4,4
0,2020,3,4,2,3,1,1,4,1,3,4,2,3
0,2020,1,2,2,2,4,1,2,4,3,5,4,2
0,2020,1,3,2,3,4,1,2,4,4,4,3,3
0,2020,3,4,1,3,2,6,4,1,3,2,2,3
0,2020,2,2,2,4,1,1,3,3,2,4,4,2
0,2020,3,2,2,1,2,1,5,1,3,3,5,2
0,2020,5,2,2,4,3,1,2,4,2,3,4,3
0,2020,3,2,2,4,2,3,2,4,2,2,4,5
0,2020,3,5,1,1,2,3,5,1,5,2,2,3
0,2020,5,2,2,3,3,3,3,3,2,4,4,2
0,2020,4,3,1,1,3,1,3,3,2,2,3,1
0,2020,2,5,2,4,5,1,3,3,4,4,1,2
0,2020,5,1,2,2,3,1,1,5,1,4,4,4
0,2020,3,4,2,2,2,3,4,2,4,3,3,4
0,2020,4,3,1,1,2,3,4,2,3,2,3,1
0,2020,5,5,2,4,4,1,2,4,5,4,3,2
0,2020,1,3,2,3,1,1,4,2,3,5,4,2
0,2020,4,5,1,2,3,1,4,2,5,2,2,4
0,2020,4,4,2,3,2,1,2,4,3,5,2,2
0,2020,2,2,1,1,1,1,3,3,3,1,4,1
0,2020,4,3,2,1,2,1,5,2,3,2,3,1
0,2020,3,5,2,2,2,1,4,2,5,5,2,3
0,2020,5,3,3,4,4,3,2,4,3,4,4,3
0,2020,5,1,2,3,5,3,1,5,3,4,5,4
0,2020,2,2,3,2,1,1,2,3,2,5,4,3
0,2020,2,3,2,2,1,1,5,1,3,4,3,2
0,2020,1,3,3,3,5,3,2,4,3,5,4,4
0,2020,4,4,2,4,2,1,3,3,4,4,3,2
0,2020,5,3,3,4,3,3,1,5,3,5,3,5
0,2020,1,3,2,3,5,3,4,2,4,4,4,4
0,2020,2,3,2,2,1,1,4,2,4,4,4,3
0,2020,4,2,1,4,3,3,3,3,2,2,4,4
0,2020,4,3,2,4,3,1,4,3,3,3,3,4
0,2020,5,3,1,5,3,3,1,5,2,2,3,1
0,2020,2,2,2,2,1,1,5,1,2,5,4,1
0,2020,3,4,3,4,2,1,2,4,3,5,3,3
0,2020,2,4,1,2,5,1,3,3,4,1,3,2
0,2020,2,3,2,2,1,1,2,4,3,5,4,1
0,2020,1,4,2,2,4,1,1,5,2,4,1,4
0,2020,3,4,2,2,2,1,4,1,4,3,3,2
0,2020,1,3,2,4,4,1,1,5,3,3,3,4
0,2020,1,3,3,4,5,3,3,4,3,5,3,3
0,2020,4,1,3,3,2,3,1,5,1,5,5,2
0,2020,5,3,3,3,4,1,1,4,3,5,3,2
0,2020,2,3,2,3,1,1,4,2,3,5,3,2
0,2020,5,3,3,2,4,1,2,4,2,5,3,3
0,2020,2,2,1,1,1,1,5,1,2,1,4,1
0,2020,5,1,3,3,3,4,1,4,1,5,4,4
0,2020,3,3,2,2,2,1,4,2,4,5,3,2
0,2020,3,3,1,1,1,3,5,1,3,2,3,1
0,2020,5,5,2,2,4,1,4,2,5,3,3,2
0,2020,5,3,2,1,3,1,2,4,3,3,3,1
0,2020,1,4,3,5,4,6,2,5,3,5,3,3
0,2020,5,4,1,1,4,1,1,5,4,1,2,4
0,2020,1,3,2,4,4,3,1,5,3,4,2,4
0,2020,1,3,3,4,5,1,2,4,3,5,3,2
0,2020,1,4,3,2,5,2,2,4,4,5,4,2
0,2020,3,2,2,3,1,1,5,1,2,3,4,4
0,2020,4,2,1,1,3,1,1,5,2,1,5,2
0,2020,4,2,3,4,2,1,3,3,2,5,3,2
0,2020,1,4,2,4,4,3,1,5,4,4,2,2
0,2020,3,5,1,3,1,4,5,1,5,2,3,5
0,2020,2,4,1,4,1,1,4,2,5,1,4,3
0,2020,2,3,2,1,1,1,4,2,4,4,4,2
0,2020,3,3,1,1,2,1,3,3,3,2,3,1
0,2020,2,4,2,2,1,1,4,2,4,5,3,2
0,2020,1,4,2,2,5,1,5,1,4,4,2,2
0,2020,5,4,2,2,3,5,3,3,4,4,2,1
0,2020,3,2,2,2,2,1,5,1,3,5,4,3
0,2020,2,2,2,2,1,5,4,1,3,4,4,2
0,2020,3,2,1,1,2,3,5,1,2,1,4,3
0,2020,3,4,3,4,2,3,4,2,4,5,3,1
0,2020,2,2,2,1,2,1,3,3,2,3,4,1
0,2020,5,1,2,1,2,1,1,5,2,4,5,1
0,2020,2,2,3,2,1,1,2,3,2,5,4,3
0,2020,1,4,2,3,1,1,3,3,4,3,3,4
0,2020,5,3,1,1,4,3,1,5,3,2,3,4
0,2020,5,3,2,1,4,1,2,4,3,5,4,2
0,2020,2,4,1,3,1,1,4,1,4,1,2,2
0,2020,1,3,3,1,4,1,2,4,4,5,3,3
0,2020,1,5,1,4,5,1,5,1,4,1,1,1
0,2020,1,1,2,2,1,3,3,3,1,4,4,2
0,2020,2,4,3,2,5,1,2,4,4,5,4,2
0,2020,2,3,1,1,1,1,2,3,3,2,3,1
0,2020,1,1,2,3,5,3,3,3,2,4,5,3
0,2020,4,1,3,3,3,3,1,5,2,5,5,1
0,2020,5,4,2,3,4,1,2,4,4,5,1,2
0,2020,3,3,2,4,2,1,5,1,2,3,3,3
0,2020,3,5,1,3,2,1,5,1,5,1,1,5
0,2020,5,3,2,2,3,1,2,4,3,3,4,1
0,2020,2,4,2,3,1,1,5,1,4,4,2,5
0,2020,1,5,3,4,4,6,2,4,5,5,2,2
0,2020,5,5,2,4,3,1,1,5,4,2,1,2
0,2020,2,2,1,2,1,1,3,3,2,2,4,2
0,2020,3,3,2,3,2,1,4,1,3,3,3,3
0,2020,5,3,1,2,4,1,1,5,3,2,3,2
0,2020,4,3,2,3,2,3,5,1,2,4,2,4
0,2020,3,4,1,4,2,1,1,5,3,1,2,2
0,2020,3,3,1,2,2,3,5,1,4,1,3,3
0,2020,2,2,2,4,1,4,3,3,2,4,4,2
0,2020,4,2,2,4,3,1,4,2,2,4,4,3
0,2020,1,4,3,3,4,1,2,4,4,5,2,3
0,2020,4,3,3,2,3,1,2,4,4,5,3,4
0,2020,4,3,2,3,2,1,5,1,3,3,4,3
0,2020,3,2,1,5,2,4,4,2,2,2,4,5
0,2020,4,4,2,2,3,4,3,3,3,4,3,1
0,2020,1,4,2,1,4,1,3,3,3,5,2,1
0,2020,5,3,1,3,3,1,2,4,3,2,3,3
0,2020,4,2,3,5,3,6,2,5,2,5,4,4
0,2020,3,3,2,4,2,4,5,1,3,4,4,3
0,2020,1,4,2,4,5,3,2,4,4,5,3,3
0,2020,4,3,2,1,3,1,5,1,3,3,3,1
0,2020,2,5,3,4,1,3,4,1,5,5,2,3
0,2020,2,3,2,3,1,1,4,2,3,4,3,2
0,2020,2,4,3,5,5,6,1,5,4,5,2,2
0,2020,5,3,2,2,3,3,2,3,3,4,3,1
0,2020,3,3,2,1,2,1,5,1,3,5,3,3
0,2020,2,2,2,3,5,3,3,2,2,4,4,2
0,2020,4,3,3,2,3,1,4,2,4,5,3,3
0,2020,4,3,3,3,3,1,3,3,3,5,3,2
0,2020,3,4,2,3,1,1,5,1,4,4,3,4
0,2020,2,2,2,3,1,3,1,5,2,4,4,5
0,2020,4,4,1,1,3,1,3,3,3,2,1,1
0,2020,4,5,2,3,2,1,2,4,4,5,1,1
0,2020,4,3,3,5,3,6,1,5,3,5,3,2
0,2020,5,3,3,2,3,1,1,5,2,5,3,3
0,2020,1,3,1,3,4,4,3,3,2,2,3,3
0,2020,4,4,2,1,3,1,1,5,4,4,3,1
0,2020,5,3,2,2,4,1,3,3,3,4,3,1
0,2020,5,4,1,1,3,1,2,4,4,1,3,3
0,2020,2,3,2,3,1,1,5,1,3,3,3,3
0,2020,4,2,2,4,2,1,5,2,2,3,4,3
0,2020,1,2,1,4,5,1,3,3,2,1,4,1
0,2020,3,4,1,1,1,1,4,2,4,2,2,2
0,2020,3,4,2,4,2,1,4,2,4,4,2,3
0,2020,1,4,2,1,4,1,3,4,4,4,2,2
0,2020,2,4,1,1,1,3,5,1,3,2,2,3
0,2020,5,3,2,1,3,1,2,4,3,3,3,2
0,2020,3,3,3,4,2,3,1,4,3,5,3,3
0,2020,1,3,2,3,4,1,1,5,2,5,3,2
0,2020,3,4,2,2,1,1,4,1,4,3,3,3
0,2020,4,3,2,3,3,1,3,3,2,5,3,2
0,2020,4,4,3,4,3,1,2,4,4,5,2,1
0,2020,2,2,2,2,1,1,4,2,2,5,4,3
0,2020,4,2,3,2,2,2,3,3,3,5,4,2
0,2020,5,4,2,2,4,1,2,4,4,5,3,2
0,2020,5,3,2,4,3,4,2,4,3,4,3,3
0,2020,4,2,2,1,3,1,2,4,2,4,4,3
0,2020,3,3,1,1,2,1,4,2,3,1,3,3
0,2020,3,3,3,3,2,3,4,2,3,4,3,1
0,2020,2,3,2,1,1,4,1,4,3,3,3,2
0,2020,5,4,1,5,3,3,1,5,4,1,2,2
0,2020,1,3,3,2,5,1,3,2,3,5,3,2
0,2020,3,1,3,3,2,3,4,2,2,5,5,4
0,2020,5,3,2,2,3,1,1,5,3,4,4,4
0,2020,1,5,3,5,4,6,3,3,5,5,2,2
0,2020,4,5,2,2,3,1,2,4,5,3,3,2
0,2020,1,2,3,2,4,1,2,4,2,5,4,2
0,2020,3,2,1,3,1,6,4,1,2,1,4,2
0,2020,4,4,3,2,2,4,2,4,4,5,3,3
0,2020,2,5,3,3,1,1,3,2,5,5,2,2
0,2020,5,1,3,3,3,6,1,5,1,5,5,1
0,2020,5,2,3,5,3,6,1,5,2,5,4,3
0,2020,4,3,3,3,2,4,3,3,3,5,3,3
0,2020,2,4,2,1,1,3,4,1,4,2,3,3
0,2020,3,3,3,3,2,3,3,3,3,5,3,1
0,2020,3,3,2,4,1,1,5,1,3,3,4,3
0,2020,4,4,2,1,3,1,1,5,4,3,2,2
0,2020,1,3,2,4,5,3,1,5,3,5,4,3
0,2020,4,3,3,3,3,4,2,4,3,5,4,3
0,2020,3,2,1,1,2,3,5,1,2,1,5,1
0,2020,3,3,1,1,2,3,5,1,4,1,4,3
0,2020,3,3,1,3,2,6,3,2,3,1,3,1
1,2020,1,3,2,2,5,1,4,2,3,5,3,3
1,2020,1,3,2,2,4,1,4,2,4,5,4,3
1,2020,3,3,3,3,2,1,3,3,3,5,3,3
1,2020,1,3,3,2,4,1,2,4,3,5,2,5
1,2020,5,3,3,2,4,1,2,4,3,5,4,5
1,2020,1,2,3,2,4,1,2,4,3,5,5,5
1,2020,5,2,2,1,3,1,2,4,2,4,4,2
1,2020,3,3,2,2,2,1,4,1,4,4,4,4
1,2020,2,2,2,2,1,1,4,2,2,5,5,2
1,2020,2,2,2,2,1,1,4,2,3,5,4,2
1,2020,4,2,2,1,3,1,3,3,3,5,5,2
1,2021,3,4,2,2,1,1,5,1,4,5,2,3
1,2021,2,2,2,2,1,1,5,1,2,5,5,3
1,2021,2,2,2,2,1,1,4,1,3,5,4,3
1,2021,2,4,2,2,1,1,4,1,4,5,3,2
1,2021,4,2,2,1,3,1,4,2,2,5,5,2
1,2021,2,1,2,1,1,1,3,3,2,5,5,1
1,2021,4,2,2,1,2,1,5,1,3,5,4,4
1,2021,2,3,2,1,2,1,4,2,4,5,4,2
1,2021,3,2,3,2,2,1,3,3,2,5,4,3
1,2021,4,4,2,1,2,1,4,2,5,4,3,3
1,2021,4,4,2,1,2,1,3,2,4,4,3,3
1,2021,4,4,2,1,2,1,3,3,5,4,3,3
1,2021,2,3,3,2,1,1,2,4,3,5,3,2
1,2021,2,3,3,2,1,1,2,4,3,5,4,2
1,2021,4,2,3,2,3,1,2,4,2,5,4,5
1,2021,4,3,3,3,2,1,2,4,3,5,3,4
1,2021,2,3,3,2,1,1,2,4,3,5,3,4
1,2021,2,2,3,1,1,1,2,4,1,5,3,3
1,2021,4,3,3,2,3,1,2,4,3,5,3,3
1,2021,3,3,3,2,2,1,3,3,3,5,3,2
1,2021,3,2,2,1,2,1,2,4,1,5,3,2
1,2021,4,3,2,1,2,1,4,1,2,4,2,2
1,2021,4,3,2,1,3,1,1,5,3,5,4,2
1,2021,4,4,2,1,2,1,4,2,4,4,3,2
1,2021,4,3,2,1,2,1,4,1,3,5,3,4
1,2021,3,2,2,1,2,1,4,2,1,5,3,2
1,2021,4,3,2,1,3,1,4,1,4,4,4,3
1,2021,2,2,3,1,1,1,2,4,3,5,4,3
1,2021,2,1,3,1,1,1,2,3,1,5,5,3
1,2021,1,5,2,1,4,1,4,2,4,4,2,2
1,2021,4,4,2,1,2,1,4,2,4,4,2,3
1,2021,1,2,3,1,5,1,2,3,3,5,4,2
1,2021,3,3,3,1,3,1,2,4,4,5,3,2
1,2021,3,2,3,1,3,1,2,4,2,5,4,1
1,2021,5,2,3,1,3,1,3,3,1,5,3,1
1,2021,3,3,2,1,2,1,4,2,3,4,3,2
1,2021,4,2,3,1,3,1,2,4,3,5,4,1
1,2021,4,4,2,2,2,1,4,2,4,4,3,4
1,2021,3,2,2,1,2,1,4,2,3,4,4,4
1,2021,3,4,3,1,2,1,3,3,4,5,3,1
1,2021,2,3,3,1,2,1,2,3,4,5,4,1
1,2021,3,3,3,1,2,1,2,3,3,5,4,1
1,2021,3,2,3,1,2,1,2,4,3,5,5,1
1,2021,1,2,3,1,5,1,2,4,2,5,4,4
1,2021,3,2,3,1,3,1,3,3,3,5,5,2
1,2021,5,1,3,1,3,1,1,5,2,5,5,1
1,2021,3,3,3,1,3,1,1,4,4,5,4,1
1,2021,3,2,3,1,2,1,2,3,2,5,4,3
1,2021,2,4,3,1,1,1,3,3,4,5,2,2
1,2021,3,1,3,1,3,1,2,4,2,5,5,1
1,2021,3,2,3,1,2,1,1,4,3,5,4,2
1,2021,5,2,3,1,3,1,1,5,3,5,5,1
1,2021,3,3,3,1,2,1,2,4,4,5,4,1
1,2021,3,3,2,1,2,1,5,1,3,4,4,1
1,2021,3,2,3,1,2,1,3,2,3,5,5,3
1,2021,3,2,3,1,3,1,2,4,3,5,4,2
1,2021,2,4,3,1,1,1,4,2,4,5,2,2
1,2021,3,2,2,1,2,1,4,2,3,4,5,2
1,2021,4,1,3,1,3,1,1,4,2,5,5,2
1,2021,5,1,3,1,3,1,1,5,3,5,5,1
1,2021,3,2,3,1,3,1,3,3,3,5,5,3
1,2021,5,1,3,1,3,1,1,5,2,5,5,1
1,2021,2,5,2,1,1,1,4,1,5,4,2,3
1,2021,3,3,3,1,2,1,2,3,3,5,3,1
1,2021,3,3,3,1,2,1,2,3,4,5,4,1
1,2021,3,4,3,1,2,1,3,3,4,5,1,3
1,2021,3,2,3,1,2,1,2,4,3,5,5,2
1,2021,3,3,3,1,2,1,2,4,3,5,4,2
1,2021,3,2,3,1,2,1,3,3,3,5,4,2
1,2021,3,2,3,1,2,1,1,5,3,5,5,1
1,2021,3,4,3,1,2,1,3,3,4,5,3,3
1,2021,3,2,2,1,2,1,4,2,3,4,5,2
1,2021,3,2,3,1,2,1,2,3,2,5,4,2
1,2021,3,2,2,1,2,1,4,1,2,4,4,3
1,2021,3,1,3,1,3,1,2,3,2,5,5,1
1,2021,3,4,3,1,2,1,3,3,3,5,2,4
1,2021,3,3,3,1,2,1,2,4,3,5,2,4
1,2021,3,3,2,1,3,1,2,4,4,5,4,1
1,2021,1,1,2,1,3,1,2,4,3,5,5,1
1,2021,1,1,2,1,5,1,3,2,1,5,4,2
1,2021,3,2,2,1,3,1,2,4,3,5,5,1
1,2021,3,3,2,1,2,1,4,1,3,4,3,3
1,2021,4,2,2,1,3,1,3,2,3,5,4,1
1,2021,3,1,2,1,2,1,4,1,1,4,5,1
1,2021,3,3,2,1,2,1,4,2,3,4,3,4
1,2021,3,3,2,1,1,1,5,1,3,4,3,4
1,2021,3,3,2,1,2,1,5,1,4,4,4,3
1,2021,3,3,2,1,2,1,5,1,3,4,3,4
1,2021,3,2,2,1,3,1,3,3,3,5,4,1
1,2021,2,1,2,1,3,1,3,3,1,5,5,1
1,2021,3,4,2,1,2,1,4,2,4,5,3,1
1,2021,3,3,2,1,3,1,3,3,4,5,4,1
1,2021,2,1,2,1,2,1,4,2,2,5,5,2
1,2021,2,3,2,1,1,1,2,4,4,5,4,1
1,2021,4,4,3,2,2,1,3,3,3,5,2,4
1,2021,4,3,3,2,2,1,2,3,3,5,3,4
1,2021,3,4,3,2,2,1,2,3,4,5,3,4
1,2021,4,2,2,1,3,1,3,3,1,5,3,1
1,2021,3,2,2,1,3,1,2,3,2,5,5,1
1,2021,1,2,2,1,3,1,3,2,1,5,3,1
1,2021,3,2,2,1,3,1,4,2,3,5,4,1
1,2021,2,2,2,1,3,1,4,2,3,5,5,1
1,2021,3,4,3,1,1,1,2,3,4,5,3,4
1,2021,4,1,2,1,2,1,4,1,2,5,5,2
1,2021,3,4,2,1,2,1,4,2,3,5,2,4
1,2021,1,3,2,1,1,1,2,3,3,5,4,2
1,2021,2,4,3,3,1,4,3,3,3,5,2,3
1,2021,2,1,3,1,2,1,3,3,2,5,5,1
1,2021,3,3,2,1,2,1,4,2,2,5,3,4
1,2021,2,4,2,1,1,1,4,2,3,5,2,2
1,2021,3,3,2,2,1,1,2,3,3,5,3,3
1,2021,2,3,3,1,2,1,3,3,3,5,3,2
1,2021,3,2,2,1,2,5,5,1,3,4,5,2
1,2021,2,3,2,1,1,1,4,2,3,5,4,1
1,2021,3,2,3,2,2,1,3,3,2,5,4,4
1,2021,2,4,2,1,2,5,5,1,4,4,3,2
1,2021,3,4,2,1,1,5,5,1,4,4,3,1
1,2021,2,4,2,1,1,5,4,2,4,4,3,2
1,2021,4,3,2,1,2,1,3,3,2,5,3,4
1,2021,3,3,2,1,3,1,2,3,4,5,4,2
1,2021,3,1,2,1,1,1,4,2,1,5,4,2
1,2021,4,3,2,1,4,1,3,3,3,5,4,1
1,2021,3,4,3,2,2,1,2,3,4,5,2,4
1,2021,2,3,2,1,2,1,1,5,3,5,4,1
1,2021,2,3,2,1,5,1,2,3,4,5,4,2
1,2021,4,3,2,1,3,1,4,2,2,5,1,2
1,2021,4,2,2,1,3,1,4,2,2,5,5,3
1,2021,1,2,2,1,4,1,2,4,2,5,5,2
1,2021,4,2,2,1,3,1,4,2,1,5,4,1
1,2021,2,3,2,1,2,1,2,3,4,5,4,3
1,2021,2,1,2,2,1,1,3,2,1,5,5,3
1,2021,3,3,2,1,2,1,3,3,3,5,4,1
1,2021,3,1,2,1,2,1,2,4,1,5,5,2
1,2021,3,3,2,1,2,1,4,2,3,5,3,1
1,2021,3,2,2,1,3,1,4,1,2,5,5,2
1,2021,3,2,2,1,2,1,3,2,3,5,5,3
1,2021,3,3,2,1,2,1,5,1,3,5,3,1
1,2021,3,1,2,1,3,1,4,2,3,5,5,1
1,2021,3,2,2,1,2,1,4,2,2,5,5,1
1,2021,3,3,2,2,2,1,3,2,3,5,4,3
1,2021,4,2,3,2,3,4,2,4,2,5,3,2
1,2021,4,4,3,2,2,4,2,4,3,5,2,2
1,2021,3,3,2,2,1,1,3,2,3,5,3,4
1,2021,4,3,3,4,2,4,3,3,2,5,3,5
1,2021,3,3,2,2,1,1,4,2,3,5,3,4
1,2021,2,3,2,1,1,1,4,2,3,5,3,2
1,2021,4,3,3,3,2,4,2,4,2,5,3,4
1,2021,4,3,3,3,2,4,2,3,4,5,3,4
1,2021,3,1,2,1,2,1,4,1,2,5,5,2
1,2021,2,2,2,1,2,1,3,3,3,5,5,1
1,2021,2,4,2,1,1,1,2,3,4,5,2,2
1,2021,3,3,2,1,2,1,1,5,4,5,4,2
1,2021,3,4,2,1,1,1,4,1,3,5,1,4
1,2021,3,2,2,1,2,1,5,1,3,5,5,2
1,2021,3,1,3,2,2,4,2,4,1,5,5,4
1,2021,3,5,3,3,2,4,2,3,4,5,1,5
1,2021,3,2,2,1,2,1,4,2,2,5,4,5
1,2021,3,4,3,3,2,4,3,3,4,5,3,4
1,2021,3,5,2,1,2,1,4,1,5,5,1,5
1,2021,3,3,3,3,2,4,2,3,3,5,3,5
1,2021,3,2,2,1,2,1,4,2,2,5,5,2
1,2021,3,4,3,3,2,4,3,3,4,5,2,4
1,2021,4,3,3,3,2,2,3,3,3,5,3,4
1,2021,3,2,3,3,2,2,4,2,3,5,4,4
1,2021,3,3,3,3,2,2,3,3,3,5,3,4
1,2021,3,2,2,1,2,1,3,3,3,5,4,1
1,2021,3,2,2,1,2,1,5,1,3,4,4,1
1,2021,4,3,3,3,3,4,2,4,3,5,3,3
1,2021,3,4,3,3,2,2,3,3,4,5,2,4
1,2021,3,2,2,1,2,1,4,2,3,3,4,1
1,2021,3,4,2,1,2,1,5,1,4,3,3,1
1,2021,3,5,3,3,2,1,3,2,5,5,2,4
1,2021,2,5,3,3,1,1,3,2,5,5,2,2
1,2021,5,1,2,1,3,1,2,4,1,5,5,2
1,2021,3,3,2,1,2,1,3,3,2,5,2,3
1,2021,3,3,2,1,2,1,4,1,2,5,2,1
1,2021,2,3,3,3,1,1,3,2,3,5,3,3
1,2021,2,3,2,1,1,1,4,2,4,3,4,1
1,2021,2,3,3,3,1,1,4,2,2,5,2,3
1,2021,3,3,2,1,2,1,4,2,2,5,2,2
1,2021,2,2,3,3,1,1,4,2,2,5,3,3
1,2021,3,2,2,1,2,1,4,2,3,4,4,1
1,2021,3,1,2,1,2,1,5,1,1,5,5,2
1,2021,3,3,2,1,3,1,1,5,4,5,5,1
1,2021,3,1,2,1,3,1,2,5,1,5,4,1
1,2021,3,2,2,1,2,1,4,1,2,5,4,1
1,2021,2,4,3,3,1,4,4,2,3,5,2,3
1,2021,4,2,2,1,2,1,4,2,2,5,3,1
1,2021,3,1,2,1,2,1,3,3,2,4,5,2
1,2021,2,4,3,2,5,4,3,3,5,5,3,1
1,2021,3,3,2,1,2,1,3,2,4,4,3,3
1,2021,4,2,3,2,3,4,3,3,2,5,4,4
1,2021,3,3,2,1,2,1,4,1,4,4,4,5
1,2021,3,3,2,1,2,1,4,2,4,3,4,1
1,2021,3,4,2,1,2,1,4,2,3,5,2,5
1,2021,3,3,2,1,1,1,5,1,3,3,3,3
1,2021,2,2,3,2,1,4,3,3,2,5,3,2
1,2021,4,1,2,1,2,1,3,3,1,5,4,1
1,2021,3,5,2,1,2,1,5,1,5,3,2,2
1,2021,5,2,2,1,2,1,1,5,4,5,5,1
1,2021,3,4,2,1,2,1,5,1,4,3,2,3
1,2021,3,3,2,1,2,1,5,1,3,3,3,4
1,2021,3,4,2,1,2,1,5,1,4,3,3,3
1,2021,3,4,3,3,2,4,4,2,3,5,2,4
1,2021,3,5,3,3,2,4,4,1,4,5,2,5
1,2021,4,2,3,4,2,2,4,2,2,5,4,4
1,2022,4,3,3,4,2,2,4,2,4,5,3,3
1,2022,3,2,2,2,2,1,3,3,2,5,4,1
1,2022,2,2,2,1,1,1,5,1,1,3,4,3
1,2022,4,2,2,1,2,1,4,2,3,3,4,3
1,2022,2,1,3,2,2,2,3,2,1,5,5,5
1,2022,3,3,2,2,2,1,3,3,4,5,5,2
1,2022,2,2,2,2,2,1,3,3,3,5,5,2
1,2022,5,1,2,2,3,1,1,5,1,5,5,2
1,2022,2,1,2,2,2,1,4,1,2,5,5,1
1,2022,4,2,3,2,2,2,3,3,2,5,3,4
1,2022,4,3,2,1,3,5,4,2,4,3,4,2
1,2022,2,2,3,2,1,2,3,2,1,5,3,5
1,2022,2,4,2,2,1,1,3,2,3,5,2,5
1,2022,4,5,3,2,3,2,3,3,5,5,2,2
1,2022,3,2,2,2,2,1,4,2,4,5,5,1
1,2022,3,5,2,2,2,1,4,1,4,5,1,4
1,2022,3,2,2,2,3,1,2,4,2,5,5,2
1,2022,2,1,3,2,1,2,4,2,1,5,5,3
1,2022,3,2,2,2,2,1,4,1,4,5,5,2
1,2022,3,3,2,2,3,1,2,4,4,5,5,1
1,2022,3,5,2,2,2,1,4,1,4,5,1,5
1,2022,3,2,2,2,2,1,3,3,2,5,5,3
1,2022,3,1,2,2,3,1,4,2,2,5,5,2
1,2022,3,2,2,2,2,1,3,2,3,5,4,2
1,2022,3,2,3,2,2,4,3,3,3,5,4,3
1,2022,3,3,3,2,2,4,3,2,4,5,4,3
1,2022,3,5,3,2,2,4,3,3,5,5,2,3
1,2022,2,3,2,2,1,1,4,2,3,5,4,3
1,2022,2,1,2,2,2,1,3,3,2,5,5,1
1,2022,3,2,2,2,1,1,3,2,3,5,4,3
1,2022,4,3,3,3,3,2,3,3,2,5,3,3
1,2022,3,2,3,3,1,2,4,2,2,5,3,5
1,2022,3,3,3,3,2,2,3,3,4,5,4,4
1,2022,4,2,3,3,2,2,5,1,2,5,3,4
1,2022,3,2,3,3,2,2,3,3,2,5,4,4
1,2022,4,4,3,3,2,4,3,3,4,5,2,3
1,2022,3,2,3,2,2,2,4,2,3,5,5,2
1,2022,3,1,3,3,2,2,3,3,2,5,5,3
1,2022,3,3,3,2,2,4,3,2,3,5,4,4
1,2022,3,3,3,3,2,2,3,3,3,5,3,3
1,2022,3,4,3,3,2,2,3,2,3,5,2,5
1,2022,2,2,3,3,2,2,5,1,4,5,5,5
1,2022,3,5,3,3,2,2,4,1,4,5,1,5
1,2022,3,3,3,3,2,2,3,3,3,5,4,5
1,2022,3,3,3,3,2,4,4,2,3,5,3,3
1,2022,3,3,3,3,1,2,4,2,3,5,3,5
1,2022,3,3,3,3,2,2,4,2,3,5,4,5
1,2022,4,5,3,3,3,2,3,3,4,5,2,4
1,2022,3,4,2,2,2,1,4,1,3,4,2,5
1,2022,3,4,3,3,2,2,4,1,4,5,3,4
1,2022,3,2,3,3,2,4,4,2,3,5,4,4
1,2022,3,5,3,3,2,2,4,2,4,5,1,4
1,2022,3,3,3,3,2,4,4,2,3,5,4,4
1,2022,3,4,2,3,2,1,4,1,3,4,3,4
1,2022,2,3,3,3,1,2,3,3,2,5,2,5
1,2022,3,3,3,3,2,4,4,2,3,5,4,4
1,2022,3,4,3,3,2,2,4,2,4,5,3,3
1,2022,3,5,3,4,1,2,3,2,5,5,1,3
1,2022,3,3,3,3,2,2,3,2,4,5,4,4
1,2022,3,4,3,3,2,2,4,2,4,5,2,5
1,2022,2,1,3,3,2,2,5,1,2,5,5,5
1,2022,3,2,3,3,2,2,3,3,3,5,4,5
1,2022,3,3,3,3,2,2,3,2,4,5,4,4
1,2022,4,4,3,4,2,2,3,2,3,5,3,4
1,2022,3,4,3,4,1,2,4,2,5,5,4,3
1,2022,3,4,3,3,2,2,3,2,5,5,4,4
1,2022,4,3,3,3,2,2,4,2,3,5,3,4
1,2022,4,2,3,3,2,2,4,2,2,5,4,3
1,2022,4,3,3,3,2,2,3,2,3,5,3,4
1,2022,4,1,3,3,2,2,2,4,1,5,5,4
1,2022,4,2,3,4,3,2,2,4,2,5,4,3
1,2022,4,3,3,3,2,2,5,1,3,5,3,3
1,2022,4,3,3,3,2,4,3,2,2,5,3,4
1,2022,3,4,3,3,2,2,4,2,4,5,2,4
1,2022,3,2,3,3,2,4,3,2,2,5,4,3
1,2022,3,3,3,3,2,4,3,3,2,5,2,3
1,2022,3,4,3,3,2,2,2,3,5,5,3,3
1,2022,4,4,3,3,2,2,5,1,4,5,3,4
1,2022,3,3,3,3,2,4,2,4,2,5,2,3
1,2022,4,3,3,3,2,2,3,3,4,5,4,4
1,2022,3,3,2,3,2,1,4,1,3,4,2,3
1,2022,3,3,3,3,2,4,4,2,3,5,2,3
1,2022,4,3,3,3,2,2,3,3,3,5,3,4
1,2022,3,2,3,3,2,2,4,2,2,5,4,3
1,2022,4,2,3,3,2,2,3,3,3,5,4,3
1,2022,4,5,3,3,2,2,3,3,5,5,2,3
1,2022,4,3,3,4,2,2,3,3,3,5,2,5
1,2022,3,1,3,3,2,2,3,3,1,5,4,3
1,2022,3,5,3,4,2,2,4,2,4,5,2,4
1,2022,3,4,3,3,2,2,4,1,5,5,3,4
1,2022,2,4,3,3,1,2,5,1,4,5,2,5
1,2022,3,2,3,3,2,2,3,3,3,5,4,2
1,2022,2,4,3,3,1,2,3,3,4,5,3,3
1,2022,3,4,3,4,2,2,4,2,4,5,3,4
1,2022,2,5,3,4,1,2,4,2,5,5,1,4
1,2022,4,4,3,4,2,2,2,4,5,5,2,4
1,2022,3,2,3,4,2,3,4,2,3,5,5,2
1,2022,2,4,3,4,1,3,3,2,4,5,3,3
1,2022,3,2,3,3,2,3,4,2,2,5,4,2
1,2022,3,4,3,3,1,3,5,1,4,5,3,4
1,2022,3,1,3,4,2,3,2,3,2,5,5,3
1,2022,2,3,2,1,2,1,4,2,4,4,4,1
1,2022,3,2,3,3,2,3,5,1,2,5,4,4
1,2022,3,4,2,3,1,1,4,2,4,4,3,5
1,2022,2,2,2,1,2,1,1,4,4,4,4,1
1,2022,3,3,2,4,2,4,3,2,3,5,4,4
1,2022,2,4,2,4,1,2,4,2,4,5,2,4
1,2022,3,1,2,4,2,2,3,2,1,5,5,3
1,2022,3,4,2,3,2,1,3,2,4,4,2,5
1,2022,3,2,2,1,2,1,2,3,2,4,4,1
1,2022,3,3,3,4,1,3,3,2,4,5,4,3
1,2022,3,3,2,4,2,4,3,2,3,5,2,5
1,2022,3,2,2,4,2,4,3,2,3,5,4,4
1,2022,3,5,2,4,2,4,4,2,4,5,1,5
1,2022,3,3,2,4,2,4,4,2,4,5,4,5
1,2022,2,2,3,3,1,3,4,2,1,5,3,1
1,2022,3,1,2,4,1,2,3,3,1,5,4,2
1,2022,3,3,3,4,2,3,4,2,3,5,4,4
1,2022,3,3,2,4,2,1,4,2,3,4,3,4
1,2022,3,2,3,4,2,3,4,2,1,5,2,4
1,2022,3,5,3,4,2,3,4,2,5,5,1,3
1,2022,3,2,2,4,2,4,3,3,2,5,4,5
1,2022,3,4,2,4,1,2,3,3,3,5,3,4
1,2022,3,4,3,4,2,3,5,1,3,5,2,4
1,2022,3,2,2,4,3,3,3,2,2,5,4,4
1,2022,3,2,2,3,2,4,3,2,3,5,4,2
1,2022,3,3,2,4,2,2,2,4,3,5,2,5
1,2022,3,3,2,4,2,2,3,3,3,5,3,4
1,2022,2,2,3,3,1,3,4,2,2,5,3,3
1,2022,2,3,3,4,5,3,4,2,4,5,4,3
1,2022,2,4,3,4,1,3,3,3,4,5,3,1
1,2022,3,2,2,5,2,3,4,2,2,5,3,4
1,2022,3,2,2,4,2,2,2,3,2,5,4,5
1,2022,3,4,2,5,1,3,2,4,5,5,3,5
1,2022,4,2,2,4,2,3,2,4,2,5,4,4
1,2022,3,3,2,4,2,2,3,2,2,5,3,5
1,2022,4,2,3,4,3,3,1,5,2,5,3,2
1,2022,2,5,3,3,1,3,4,1,5,5,2,4
1,2022,3,2,2,4,2,4,3,2,1,5,4,5
1,2022,4,5,2,5,3,4,2,3,5,5,2,3
1,2022,2,1,3,3,2,3,3,3,2,5,5,4
1,2022,4,3,3,4,2,3,1,5,3,5,3,2
1,2022,3,3,2,5,2,3,2,3,2,5,2,3
1,2022,3,5,2,5,2,3,3,3,4,5,1,5
1,2022,3,4,2,5,2,3,1,4,3,5,2,2
1,2022,3,4,2,5,2,3,2,3,2,5,1,5
1,2022,3,5,2,5,2,3,2,3,5,5,2,5
1,2022,2,4,3,4,1,3,4,1,3,5,2,5
1,2022,3,3,2,5,2,3,1,4,2,5,1,5
1,2022,3,3,2,1,2,1,3,3,2,3,3,1
1,2022,3,3,2,1,2,1,3,3,3,3,3,1
1,2022,4,2,2,1,2,1,4,2,2,3,3,2
1,2022,3,3,3,4,2,3,4,1,4,5,4,4
1,2022,2,4,2,1,1,1,5,1,4,4,2,5
1,2022,3,5,2,1,2,1,4,2,3,4,1,1
1,2022,3,5,3,4,2,3,5,1,4,5,2,4
1,2022,3,5,2,1,2,1,4,1,4,4,1,4
1,2022,3,3,2,4,1,3,4,1,3,5,3,4
1,2022,3,1,2,1,2,1,3,3,2,4,5,2
1,2022,3,2,2,1,2,1,4,2,2,4,4,3
1,2022,3,4,2,1,2,1,4,2,4,4,2,4
1,2022,3,4,2,5,2,3,4,2,4,5,2,5
1,2022,2,1,2,1,2,1,5,1,3,4,5,1
1,2022,3,5,2,2,2,1,4,2,5,4,2,4
1,2022,2,1,2,1,2,1,5,1,3,4,5,1
1,2022,3,3,2,1,2,1,3,2,3,4,3,5
1,2022,3,3,2,5,2,3,3,3,2,5,2,5
1,2022,3,1,2,1,2,1,4,2,2,4,5,2
1,2022,3,1,2,1,2,1,5,1,2,4,5,5
1,2022,2,5,2,1,2,1,5,1,5,4,1,5
1,2022,1,3,3,4,5,3,1,4,3,5,4,2
1,2022,2,3,2,1,2,1,3,3,4,4,4,1
1,2022,2,1,2,1,2,1,5,1,1,4,5,4
1,2022,1,4,2,1,3,1,2,4,5,4,4,1
1,2022,3,1,2,1,2,1,4,1,2,4,5,4
1,2022,2,4,2,2,1,1,4,1,3,4,2,5
1,2022,3,1,2,1,2,1,4,2,4,4,5,1
1,2022,5,1,2,1,2,1,5,1,2,4,5,2
1,2022,4,2,2,1,3,1,3,2,1,4,2,1
1,2022,3,1,2,1,2,1,4,2,1,4,4,1
1,2022,3,1,2,1,2,1,2,4,1,4,5,2
1,2022,3,5,2,2,2,1,4,1,3,4,1,5
1,2022,3,1,2,1,2,1,1,5,1,4,5,4
1,2022,2,1,2,1,2,1,4,2,1,4,5,1
1,2022,2,1,2,1,2,1,2,4,2,4,5,1
1,2022,2,4,3,4,1,6,2,4,5,5,3,1
1,2022,4,2,2,4,2,4,3,2,2,4,5,5
1,2022,4,4,2,3,3,1,3,3,4,4,2,4
1,2022,2,1,2,1,2,1,3,3,1,4,5,4
1,2022,3,1,2,1,2,1,2,5,1,4,5,3
1,2022,5,1,2,4,5,3,1,5,1,4,5,4
1,2022,3,1,2,1,2,1,4,2,1,4,5,2
1,2022,3,1,2,4,2,4,3,2,1,4,4,3
1,2022,2,1,2,4,1,3,2,4,2,4,5,2
1,2022,3,1,2,4,2,4,2,3,1,4,4,3
1,2022,2,4,2,4,2,3,2,4,4,4,2,4
1,2022,2,3,2,2,3,1,2,4,3,4,4,3
1,2022,2,2,2,4,1,4,3,2,3,4,5,3
1,2022,2,5,2,4,1,3,2,4,4,4,1,3
1,2022,2,2,2,2,2,1,5,1,3,4,5,3
1,2022,4,3,2,1,2,1,3,2,3,3,3,4
1,2022,4,3,2,2,3,1,4,2,4,4,4,2
1,2022,3,1,2,2,2,1,4,2,1,4,4,1
1,2022,3,2,2,2,3,1,2,3,3,4,5,2
1,2022,2,4,2,4,1,3,4,2,4,5,2,4
1,2022,2,4,2,5,1,3,3,2,4,5,3,4
1,2023,3,4,2,5,2,3,1,4,5,4,3,3
1,2023,2,3,2,4,1,3,3,3,3,5,4,3
1,2023,3,2,2,2,2,1,4,2,2,4,4,2
1,2023,4,5,2,2,3,1,3,3,4,4,1,3
1,2023,2,4,2,5,1,3,4,2,4,5,3,4
1,2023,3,3,2,1,2,1,5,1,3,3,4,3
1,2023,1,4,2,2,1,1,4,2,4,4,3,3
1,2023,1,3,2,2,1,1,4,2,3,4,3,2
1,2023,2,5,2,2,1,1,3,2,5,4,1,3
1,2023,3,3,2,1,2,1,5,1,3,3,4,4
1,2023,4,3,2,1,2,1,3,2,2,3,3,3
1,2023,2,1,2,2,2,1,3,3,1,4,5,2
1,2023,3,2,2,1,2,1,3,2,2,3,4,3
1,2023,4,1,2,5,2,4,1,4,2,4,5,4
1,2023,2,3,2,2,2,1,4,2,4,4,5,3
1,2023,3,3,2,2,2,1,5,1,4,4,3,4
1,2023,4,3,2,1,3,1,4,2,3,3,4,2
1,2023,1,1,2,2,1,1,4,2,1,4,4,2
1,2023,3,4,2,1,1,1,4,2,4,3,3,1
1,2023,3,2,2,3,2,1,3,2,2,4,4,4
1,2023,4,2,2,3,2,1,3,3,1,4,3,1
1,2023,4,2,2,2,2,1,1,5,3,4,4,1
1,2023,3,3,2,1,2,1,4,2,3,3,3,4
1,2023,3,3,2,3,2,1,4,2,3,4,3,4
1,2023,3,3,2,3,2,1,4,2,2,4,3,4
1,2023,5,1,2,1,2,1,1,5,3,3,5,4
1,2023,3,2,2,3,2,1,4,2,3,4,4,5
1,2023,3,4,2,2,2,1,4,2,3,4,2,4
1,2023,3,1,2,3,2,1,4,1,1,4,4,4
1,2023,3,3,2,2,1,1,4,1,3,3,4,5
1,2023,2,2,2,2,1,1,4,2,1,3,4,3
1,2023,2,5,2,4,1,3,4,1,5,4,2,3
1,2023,2,4,2,2,1,1,4,1,4,3,3,4
1,2023,3,1,2,1,2,1,1,5,1,3,5,2
1,2023,3,2,2,1,2,1,4,1,3,3,4,4
1,2023,3,1,2,1,2,1,4,2,2,3,5,2
1,2023,2,1,2,2,2,1,4,1,3,4,5,4
1,2023,3,1,2,1,3,1,5,1,2,3,5,1
1,2023,4,2,2,2,2,1,3,3,2,3,4,3
1,2023,5,4,3,3,3,6,1,5,4,4,3,4
1,2023,2,2,2,2,1,1,4,1,4,4,5,5
1,2023,4,2,2,2,2,1,3,2,3,3,4,4
1,2023,4,1,2,3,2,1,4,2,1,3,4,3
1,2023,3,2,2,4,2,3,1,4,2,4,5,2
1,2023,4,4,2,1,2,1,3,3,3,3,1,3
1,2023,4,5,2,3,2,1,3,2,5,3,1,4
1,2023,3,4,2,4,2,3,3,2,3,4,3,3
1,2023,4,4,2,1,2,1,4,2,4,3,2,4
1,2023,4,3,2,3,2,1,5,1,3,3,3,4
1,2023,2,2,2,3,2,1,4,1,2,3,4,4
1,2023,1,5,2,4,4,4,1,5,4,4,1,5
1,2023,3,5,2,3,1,1,4,1,5,3,2,4
1,2023,1,1,2,3,1,3,2,4,1,4,4,5
1,2023,5,2,2,4,3,4,1,5,3,4,4,4
1,2023,3,3,2,2,2,1,5,1,3,4,3,3
1,2023,3,2,2,4,1,3,4,2,3,4,4,3
1,2023,3,3,2,4,1,3,4,1,3,4,3,4
1,2023,3,3,2,4,1,3,4,1,3,4,3,3
1,2023,3,3,2,3,2,4,4,2,4,4,3,4
1,2023,3,3,2,4,1,3,3,2,4,4,3,4
1,2023,4,1,2,4,3,4,3,3,1,4,4,3
1,2023,4,1,2,3,3,4,2,4,1,4,4,3
1,2023,2,4,2,2,1,1,4,2,4,3,2,3
1,2023,2,2,2,2,1,3,1,5,2,4,4,1
1,2023,2,2,2,2,1,3,1,5,2,4,4,1
1,2023,3,4,2,2,2,1,4,2,4,3,2,2
1,2023,3,2,2,3,3,1,1,5,3,3,5,1
1,2023,3,3,2,3,2,1,4,2,4,3,4,1
1,2023,2,2,2,3,1,3,4,2,1,4,4,3
1,2023,3,3,2,3,1,3,3,2,3,4,4,3
1,2023,3,2,2,3,2,1,2,4,3,3,4,1
1,2023,3,1,2,2,2,1,4,1,1,3,4,4
1,2023,3,2,2,3,2,1,5,1,2,3,4,1
1,2023,3,3,2,2,2,1,4,2,2,3,3,4
1,2023,4,1,2,3,3,1,3,2,1,3,5,1
1,2023,3,5,2,3,2,3,4,2,4,4,2,4
1,2023,2,3,2,4,1,3,1,5,3,4,3,2
1,2023,4,2,2,3,2,1,4,2,2,3,4,3
1,2023,3,4,2,4,1,1,3,2,4,3,3,3
1,2023,4,2,2,3,2,1,3,3,2,3,4,2
1,2023,4,2,2,3,3,4,2,4,2,4,4,4
1,2023,4,4,2,3,3,4,3,2,4,4,3,4
1,2023,2,2,2,4,1,1,2,3,3,3,4,3
1,2023,3,2,2,3,2,3,3,2,2,4,4,4
1,2023,3,3,2,3,2,3,4,2,4,4,4,2
1,2023,3,4,2,3,2,3,4,2,4,4,2,3
1,2023,3,3,2,3,2,3,3,2,4,4,4,4
1,2023,3,3,2,3,2,3,4,1,3,4,4,5
1,2023,3,3,2,3,2,3,3,2,3,4,3,4
1,2023,4,4,3,4,2,3,3,3,4,4,3,4
1,2023,2,2,2,2,1,3,4,2,2,4,4,2
1,2023,2,2,2,2,1,3,3,3,3,4,5,2
1,2023,2,2,2,2,1,3,2,4,3,4,4,1
1,2023,2,2,2,2,1,3,3,3,3,4,4,3
1,2023,3,3,2,1,2,1,4,1,3,3,4,2
1,2023,3,1,2,1,2,1,4,2,2,3,5,1
1,2023,3,3,2,1,1,1,2,3,2,3,3,4
1,2023,3,1,2,1,2,1,2,4,1,3,4,1
1,2023,3,1,2,1,2,1,1,5,1,3,4,1
1,2023,3,3,2,2,1,1,3,2,3,3,3,4
1,2023,3,1,2,1,2,1,1,5,2,3,5,1
1,2023,3,1,2,1,3,1,2,3,1,3,5,1
1,2023,3,1,2,2,2,1,4,2,1,3,4,3
1,2023,3,4,2,1,2,1,3,3,5,3,3,2
1,2023,2,1,2,1,1,1,3,3,1,3,4,3
1,2023,3,3,2,2,1,3,3,3,4,4,4,2
1,2023,3,4,2,2,2,1,4,1,4,3,3,1
1,2023,4,3,2,2,2,1,3,2,3,3,3,4
1,2023,3,3,2,2,1,1,5,1,3,3,4,3
1,2023,2,4,2,2,1,1,3,3,4,3,2,2
1,2023,3,2,2,2,2,1,4,1,2,3,4,3
1,2023,3,3,2,2,2,1,4,1,3,3,3,4
1,2023,4,3,2,2,2,1,4,1,2,3,2,4
1,2023,2,4,2,2,1,1,4,2,4,3,2,3
1,2023,3,2,2,2,2,1,3,2,3,3,4,4
1,2023,3,5,2,2,2,1,4,2,5,3,2,2
1,2023,3,2,2,1,3,1,4,2,3,5,4,2
1,2023,3,2,3,3,2,4,2,3,3,5,4,5
1,2023,4,4,1,4,3,1,4,2,4,2,4,3
1,2023,4,3,1,4,3,1,4,2,4,2,4,3
1,2023,5,4,1,4,3,1,3,3,4,2,3,1
1,2023,5,3,1,3,4,1,1,5,2,2,3,2
1,2023,1,3,1,2,4,1,1,5,4,2,3,4
1,2023,1,3,1,2,4,1,1,5,3,2,3,3
1,2023,3,4,1,2,2,1,4,1,4,1,3,2
1,2023,5,5,1,2,3,1,1,5,4,1,2,3
1,2023,4,2,1,2,3,1,3,3,2,1,4,4
1,2023,5,4,1,3,3,1,2,4,3,1,2,3
1,2023,3,4,1,2,2,1,3,2,4,1,1,4
1,2023,4,4,1,3,3,1,3,3,5,1,3,3
1,2023,3,4,1,4,2,1,3,3,3,1,2,5
1,2023,4,4,1,5,3,1,1,4,4,1,2,2
1,2023,3,4,1,5,2,1,1,4,4,1,2,4
1,2023,3,2,1,5,2,5,1,5,2,2,5,4
1,2023,3,5,1,5,2,5,2,3,5,2,1,5
1,2023,3,1,1,5,2,5,1,4,1,2,4,4
1,2023,3,3,1,4,2,4,4,2,3,2,3,5
1,2023,3,4,1,2,1,1,5,1,4,2,3,4
1,2023,3,4,1,1,2,1,4,2,4,2,2,4
1,2023,4,3,1,1,2,1,3,2,3,2,3,4
1,2023,3,5,1,2,2,1,3,2,5,2,2,3
1,2023,4,5,1,2,3,1,3,3,5,2,2,3
1,2023,2,1,1,2,1,1,4,1,1,2,4,4
1,2023,2,5,1,1,1,1,4,2,5,2,2,3
1,2023,2,1,1,2,1,1,4,2,1,1,4,4
1,2023,2,3,1,3,1,1,4,2,3,1,3,3
1,2023,1,4,1,3,5,1,4,3,5,1,3,2
1,2023,1,4,1,3,4,1,5,1,4,1,3,2
1,2023,2,1,1,4,5,1,2,4,1,1,4,3
1,2023,3,1,1,5,2,1,1,4,2,1,5,3
1,2023,2,2,1,1,1,6,4,1,1,1,4,3
1,2023,3,2,1,2,2,1,5,1,2,1,4,4
1,2023,3,2,1,2,2,3,1,5,2,1,4,2
1,2023,3,3,1,1,2,3,4,1,3,1,4,4
1,2023,2,4,2,1,1,3,3,2,4,2,3,3
1,2023,2,3,2,1,1,3,4,2,3,2,3,4
1,2023,2,4,2,1,1,1,5,1,4,2,3,2
1,2023,1,3,2,1,5,1,1,5,3,3,4,3
1,2023,1,3,2,2,1,1,5,1,2,5,3,3
1,2023,1,4,2,2,1,1,4,2,5,5,3,4
1,2023,1,5,2,1,5,1,5,1,5,4,2,3
1,2023,2,3,2,2,1,1,5,1,3,4,4,3
1,2023,5,1,2,1,4,1,1,5,2,4,5,4
1,2023,1,3,2,2,1,1,1,5,3,3,4,4
1,2023,4,1,2,2,3,4,3,3,1,4,5,4
1,2023,4,3,2,2,2,4,3,3,3,3,4,5
1,2023,4,5,2,2,3,4,1,5,4,3,1,5
1,2023,4,2,1,4,3,5,2,4,2,2,3,4
1,2023,4,2,1,5,3,5,1,5,2,2,4,4
1,2023,3,4,1,5,2,5,1,5,4,2,1,5
1,2023,1,2,1,2,5,1,4,2,3,2,4,4
1,2023,5,2,1,2,3,1,1,5,2,2,3,4
1,2023,3,4,1,5,1,4,3,3,4,1,3,3
1,2023,3,3,1,3,2,1,4,2,3,1,4,2
1,2023,2,5,1,3,1,1,4,2,5,1,2,3
1,2023,5,2,2,1,3,3,3,3,3,2,4,3
1,2023,2,4,2,1,1,1,4,2,4,3,2,3
1,2023,3,3,1,2,1,1,3,2,3,2,3,4
1,2023,4,2,1,4,2,5,1,5,3,2,4,2
1,2023,4,5,1,5,3,5,1,5,5,2,1,5
1,2023,3,4,1,5,2,5,2,3,3,2,2,5
1,2023,2,2,1,3,1,1,5,1,1,1,3,3
1,2023,3,4,1,3,2,1,4,1,4,1,2,3
